{"0": {"Adventure": 855.6116376583833, "Animation": 285.4444520902881, "Children": 1102.8816780812394, "Comedy": 1377.9306867074936, "Fantasy": 133.44920715473938, "Romance": 231.78205609605516, "Drama": -3182.2483537247745, "Action": 745.8312647133546, "Crime": -472.2571975495416, "Thriller": -551.5043309781477, "Horror": -1095.5166965776316, "Mystery": -394.76825251585984, "Sci-Fi": -114.59617629327181, "IMAX": 71.14378968952224, "Documentary": -606.6769764321725, "War": -132.8700167948473, "Musical": 168.01036027221198, "Western": 18.237543875917936, "Film-Noir": -133.71933931808417, "(no genres listed)": -63.574958212905585}, "1": {"Adventure": -219.1195879725674, "Animation": -221.3260492259269, "Children": -270.8366340972416, "Comedy": -1088.7246423908748, "Fantasy": -390.4191973144734, "Romance": -805.7393321908503, "Drama": -1183.7995688838985, "Action": 399.98581334375103, "Crime": 388.4775045411409, "Thriller": 554.6665402843919, "Horror": -88.99860729547663, "Mystery": 13.733291374752298, "Sci-Fi": -147.44714723562961, "IMAX": -62.133012658930966, "Documentary": -165.28255754243162, "War": 87.94064925669318, "Musical": -222.3356043919057, "Western": 74.01986165959897, "Film-Noir": 25.496653961796255, "(no genres listed)": -45.71250026319194}, "2": {"Adventure": -635.121858836435, "Animation": -495.24655401177733, "Children": -671.3984482002656, "Comedy": -731.5080255897481, "Fantasy": -423.9163338107642, "Romance": 421.5716029238374, "Drama": 2637.9566362498413, "Action": -737.7062944344434, "Crime": 243.55351194716422, "Thriller": -145.10119903975556, "Horror": -777.2363534033589, "Mystery": 68.73316535428785, "Sci-Fi": -661.5089998350554, "IMAX": -31.599926913972013, "Documentary": 370.69296696033825, "War": 312.80434794988014, "Musical": -99.07274125876575, "Western": 37.35023241012459, "Film-Noir": 24.946719902945915, "(no genres listed)": 42.53297033800209}, "3": {"Adventure": -523.4471094293924, "Animation": -220.88441346826994, "Children": -515.0802258983085, "Comedy": -1116.1755733564394, "Fantasy": -345.1669402832101, "Romance": -32.018336720693014, "Drama": -331.0061057206244, "Action": -1233.418868756252, "Crime": -361.88175666696065, "Thriller": -1156.2221401203726, "Horror": -1187.211693992129, "Mystery": -203.1015902040599, "Sci-Fi": -561.2258297429883, "IMAX": 63.791592112742364, "Documentary": 335.4428571835497, "War": -81.4999639904945, "Musical": -74.58840043115197, "Western": -73.32048242344172, "Film-Noir": 37.71338729897252, "(no genres listed)": -18.90449800335591}, "4": {"Adventure": -498.87461713740777, "Animation": 134.00591813458777, "Children": 397.1387077799445, "Comedy": -506.69514229127435, "Fantasy": -86.78899480475422, "Romance": 1100.2372256782924, "Drama": 2654.5292932800016, "Action": -1875.8766053290124, "Crime": -474.42775487117206, "Thriller": -940.8744334211117, "Horror": -705.644569632872, "Mystery": -2.368133559866237, "Sci-Fi": -808.2299197544944, "IMAX": -134.6288242387527, "Documentary": 437.1677779512379, "War": 176.39757626167557, "Musical": 314.1180421867757, "Western": 30.44273921731292, "Film-Noir": 74.91300933978164, "(no genres listed)": 32.17555767652027}, "5": {"Adventure": 35.38819986008093, "Animation": -6.670507270668168, "Children": 343.1566071710604, "Comedy": 124.52262168120251, "Fantasy": -161.2861065090001, "Romance": 44.65030270680245, "Drama": -917.1801817511628, "Action": -203.3523694709429, "Crime": -265.6004328895269, "Thriller": -342.313062598364, "Horror": -108.53970776824644, "Mystery": -197.624092665611, "Sci-Fi": -278.79701563078197, "IMAX": -33.36896954965778, "Documentary": -25.034315938469604, "War": -12.648254686593646, "Musical": 76.91394030688389, "Western": 36.09232172575139, "Film-Noir": 19.69651038034499, "(no genres listed)": -11.795748896543955}, "6": {"Adventure": 318.6797259135901, "Animation": 66.32500146383973, "Children": 417.3284208377845, "Comedy": 921.1368299341148, "Fantasy": 284.11437131348066, "Romance": 329.76276669454364, "Drama": -544.1670841718494, "Action": 264.6570858696109, "Crime": -357.39131006935395, "Thriller": 10.358201723098091, "Horror": 487.2829966400277, "Mystery": -91.42086456766265, "Sci-Fi": 268.97159664838546, "IMAX": 5.646009739604779, "Documentary": -243.3048011790861, "War": -146.87622005030425, "Musical": 101.01374316978035, "Western": -92.26650253869502, "Film-Noir": -132.19186118881953, "(no genres listed)": -4.323207459234368}, "7": {"Adventure": 729.4835813431291, "Animation": 647.1393110858953, "Children": 635.16945790518, "Comedy": 1063.2943514938452, "Fantasy": 486.72347229412117, "Romance": -149.73509567854785, "Drama": -1001.2272321368107, "Action": 701.3817581336334, "Crime": -149.26144468387884, "Thriller": -248.3861794887723, "Horror": 193.49413126675245, "Mystery": -115.83800808387969, "Sci-Fi": 494.6037597290915, "IMAX": 171.48274266421504, "Documentary": -133.7095118487091, "War": -146.93083898321493, "Musical": 122.28126998338848, "Western": -27.960370469321788, "Film-Noir": -31.188848355992377, "(no genres listed)": -6.199173333743829}, "8": {"Adventure": -427.6243331057255, "Animation": -156.36823457877108, "Children": 69.65640548258307, "Comedy": 682.5152457266089, "Fantasy": -163.29069632754954, "Romance": 937.0409400492974, "Drama": 1627.907918234856, "Action": -569.3580380434794, "Crime": 149.87092940234584, "Thriller": 74.41778571101531, "Horror": -298.224109266469, "Mystery": 69.38975285830566, "Sci-Fi": -496.13447011583344, "IMAX": -119.48651544266613, "Documentary": 89.34157231487734, "War": -21.9741118900929, "Musical": 91.07483564704398, "Western": -60.80383372547294, "Film-Noir": 17.474874551814537, "(no genres listed)": 19.270155475191586}, "9": {"Adventure": -600.181470843841, "Animation": -34.9918194484444, "Children": -84.1675900662749, "Comedy": 1334.0363390625216, "Fantasy": -128.35419104839275, "Romance": 194.5059064164243, "Drama": 388.96624516815814, "Action": -706.4653463050558, "Crime": 217.41647785464374, "Thriller": -233.4894973111481, "Horror": -56.08906986745819, "Mystery": 36.734523391549374, "Sci-Fi": -596.5880611414104, "IMAX": -160.27374067224446, "Documentary": 29.395965522573533, "War": -88.58329260812388, "Musical": 27.299293165087192, "Western": -53.30283055418272, "Film-Noir": -25.40343093671254, "(no genres listed)": 11.127557589059506}, "10": {"Adventure": -179.0809023218244, "Animation": -197.07743400338586, "Children": -105.67269025281576, "Comedy": 222.40262159250886, "Fantasy": -101.86779420954446, "Romance": 234.74876587150055, "Drama": 386.71442970685047, "Action": -89.15291301435946, "Crime": 57.11013586559375, "Thriller": 22.781877563522812, "Horror": 116.15032335985597, "Mystery": -35.64140172615225, "Sci-Fi": -159.56199092089628, "IMAX": -74.84832991054282, "Documentary": -13.118937308641762, "War": 26.645091979078643, "Musical": -40.088733027318085, "Western": 28.978750312831835, "Film-Noir": -18.59684427373577, "(no genres listed)": 3.6407348537122743}, "11": {"Adventure": -103.67963005144702, "Animation": -228.74270513033844, "Children": -369.19214847339026, "Comedy": -561.4753393732526, "Fantasy": 15.053784743885444, "Romance": -90.34748580168707, "Drama": 178.27805897012172, "Action": 142.43520254363466, "Crime": -24.985032330192325, "Thriller": 439.8027184356963, "Horror": 460.0103431272255, "Mystery": 104.82852171929335, "Sci-Fi": 351.28294080458363, "IMAX": -44.405352600850165, "Documentary": -75.73256748576932, "War": -0.1092288064683089, "Musical": -103.61638965522616, "Western": -2.052745109940588, "Film-Noir": -10.741489389911294, "(no genres listed)": -6.605246700884891}, "12": {"Adventure": 200.63008515170804, "Animation": -71.58900923504916, "Children": -197.0755151644462, "Comedy": -281.552833931981, "Fantasy": -41.47854074078714, "Romance": -81.5811586018608, "Drama": 62.38391497752946, "Action": 624.7675301092459, "Crime": 209.89107404666538, "Thriller": 288.17978116776067, "Horror": -2.5170809300434485, "Mystery": 37.908459971968114,