{"0": {"Adventure": 493.730271934287, "Animation": -10.979388841301443, "Children": 411.69841891547367, "Comedy": 364.95471944718975, "Fantasy": 90.18456772084755, "Romance": 265.40215263216487, "Drama": -1408.2571621381012, "Action": 736.4415414791865, "Crime": -145.9263228220293, "Thriller": 170.1534566258524, "Horror": -413.7409761572935, "Mystery": -129.4103903971336, "Sci-Fi": 48.63360589019703, "IMAX": 128.99329943256453, "Documentary": -479.5680693891072, "War": -76.32081987584024, "Musical": 9.567949701038742, "Western": -44.79368922170033, "Film-Noir": -110.70490330457687, "(no genres listed)": -44.5614747642021}, "1": {"Adventure": -489.20393974979015, "Animation": -461.92885305936034, "Children": -590.0215991666009, "Comedy": -668.9553930499353, "Fantasy": -416.7255596644045, "Romance": -453.6757311739175, "Drama": -304.9460392581269, "Action": -29.356991190798, "Crime": 270.8710754310887, "Thriller": 454.1234634173197, "Horror": 144.9128626605957, "Mystery": 47.99447617705664, "Sci-Fi": -180.43672824144141, "IMAX": -85.70661456603557, "Documentary": -31.72196073643508, "War": 8.29513405270427, "Musical": -265.79546348876556, "Western": 1.253279012398707, "Film-Noir": -15.153374561559758, "(no genres listed)": -18.501238339657903}, "2": {"Adventure": -455.74238394666963, "Animation": -230.05550381533067, "Children": -338.94205932084697, "Comedy": -279.2802444109261, "Fantasy": -150.52136821877272, "Romance": 684.6363982851908, "Drama": 2400.7601865030856, "Action": -627.5014110238299, "Crime": 169.3547032664428, "Thriller": 101.5587918151814, "Horror": -327.3141473827054, "Mystery": 142.70400717661323, "Sci-Fi": -368.85280487324553, "IMAX": -28.16320421663113, "Documentary": 217.02651296815202, "War": 138.84000796541568, "Musical": -17.738272087823134, "Western": -16.075902650045464, "Film-Noir": 18.321748845060938, "(no genres listed)": 31.05395757216138}, "3": {"Adventure": -90.43841318702584, "Animation": 69.25568676145758, "Children": -143.14075472619152, "Comedy": -1328.8826830808594, "Fantasy": -140.17276732856408, "Romance": -293.3360442767362, "Drama": -406.91758308456247, "Action": -551.6213617878047, "Crime": -242.56956941897351, "Thriller": -737.101166766095, "Horror": -949.823732647681, "Mystery": -138.7375477840542, "Sci-Fi": -324.4672091822006, "IMAX": 52.9458980942145, "Documentary": 112.14552506129439, "War": 73.18443512564409, "Musical": -24.37664247205248, "Western": 9.290365530010604, "Film-Noir": 23.590468837879598, "(no genres listed)": -22.616235564617455}, "4": {"Adventure": -226.20046085797003, "Animation": 113.93267259845925, "Children": 334.50153959272575, "Comedy": 286.0239471326845, "Fantasy": -127.6179665537112, "Romance": 466.15141974537846, "Drama": 955.6682620536538, "Action": -876.9178485935167, "Crime": -172.5318139418887, "Thriller": -672.5298210972978, "Horror": -473.4603339020797, "Mystery": -101.17756276119326, "Sci-Fi": -541.2722076153022, "IMAX": -133.82694582256954, "Documentary": 236.79222333106736, "War": 104.81385695649078, "Musical": 212.4813952944678, "Western": 74.56941354137962, "Film-Noir": 62.17362250230508, "(no genres listed)": 26.34762360881723}}