{"0": {"Adventure": 742.6874984274538, "Animation": 195.5410843322653, "Children": 836.2821782138581, "Comedy": 966.1083733754494, "Fantasy": 197.33467734615817, "Romance": 396.3476254993875, "Drama": -2236.064421396868, "Action": 550.0450589234299, "Crime": -462.6647758740978, "Thriller": -631.8772248797954, "Horror": -991.3038853365238, "Mystery": -324.9792096904417, "Sci-Fi": -93.0426169144348, "IMAX": 75.93418418779038, "Documentary": -496.378042132088, "War": -91.8626576218785, "Musical": 218.14047586282322, "Western": -1.3266025150551286, "Film-Noir": -105.47150658625469, "(no genres listed)": -39.84531655594674}, "1": {"Adventure": -240.23082292924664, "Animation": -450.4675969025102, "Children": -433.8879671823079, "Comedy": -925.6900521590389, "Fantasy": -482.46403999773247, "Romance": -575.4120631696687, "Drama": -1523.960653929175, "Action": 591.3052281653763, "Crime": 352.2250780868935, "Thriller": 711.5978024549186, "Horror": -357.6276850510335, "Mystery": -29.342634185304632, "Sci-Fi": -192.8600520824772, "IMAX": 18.488716565538198, "Documentary": -347.9368097430827, "War": -21.135337505605094, "Musical": -345.4065264943065, "Western": -24.564562523784844, "Film-Noir": -61.52852733908367, "(no genres listed)": -72.46555647826517}, "2": {"Adventure": -271.31349785088196, "Animation": -244.01833882168467, "Children": -206.71542651388154, "Comedy": -299.9774875784849, "Fantasy": -160.67391153879313, "Romance": 938.9977324674883, "Drama": 2569.6291533341305, "Action": -553.1821199247242, "Crime": 120.71940428564267, "Thriller": -113.17648490831652, "Horror": -802.4847206907716, "Mystery": 56.536858459356154, "Sci-Fi": -622.0386473874328, "IMAX": 41.52466007205658, "Documentary": 184.34585979858093, "War": 258.7405862634323, "Musical": 28.93212552373734, "Western": 16.902892111200345, "Film-Noir": -5.5434463094425155, "(no genres listed)": 33.82827662032378}, "3": {"Adventure": -216.25068012322777, "Animation": -48.002406600961876, "Children": -338.02315568802806, "Comedy": -1823.5049608497363, "Fantasy": -230.02157158011983, "Romance": -382.76442461829015, "Drama": -1034.773572334343, "Action": -895.3034685942368, "Crime": -440.5065844536441, "Thriller": -1036.6688279915136, "Horror": -1192.1641313342363, "Mystery": -220.86648918574065, "Sci-Fi": -443.80926582604775, "IMAX": 133.78835216583684, "Documentary": 144.56860070134735, "War": -14.144191845432943, "Musical": -99.08034174900968, "Western": -62.500761538416555, "Film-Noir": 15.26163151790388, "(no genres listed)": -45.726019333162185}, "4": {"Adventure": -471.00538740349293, "Animation": 248.79905956069524, "Children": 468.37445662949176, "Comedy": -447.3016169424018, "Fantasy": -159.02268837689746, "Romance": 962.1087300234772, "Drama": 2631.8496942981983, "Action": -1881.1946644640043, "Crime": -422.02822093620307, "Thriller": -1176.6447232575606, "Horror": -1015.4756149972274, "Mystery": -88.18758825410941, "Sci-Fi": -917.3725705511333, "IMAX": -172.54807634314056, "Documentary": 481.28524957999934, "War": 216.45207208252396, "Musical": 353.2467279453267, "Western": 84.22303054264557, "Film-Noir": 89.61172122030257, "(no genres listed)": 40.810777407667956}, "5": {"Adventure": 205.90662792755757, "Animation": 200.19972588996825, "Children": 428.27553803274895, "Comedy": -40.86645001792931, "Fantasy": 31.372398237961534, "Romance": -280.7622795924981, "Drama": -894.3921197545537, "Action": 109.89339124200433, "Crime": -182.04232944281102, "Thriller": 29.167049323973515, "Horror": 446.4203842226161, "Mystery": -83.53998736750964, "Sci-Fi": 69.09707756362695, "IMAX": 30.05604931153357, "Documentary": -41.02312623332125, "War": -46.96732299271025, "Musical": 49.822585569214425, "Western": 20.72734140009561, "Film-Noir": -2.8129287164993, "(no genres listed)": -11.554201531903345}, "6": {"Adventure": 312.53913794450546, "Animation": -57.76661113901355, "Children": 178.62736987712196, "Comedy": 495.39459033472576, "Fantasy": 219.08250420102013, "Romance": 188.41160634564858, "Drama": -1108.948088567373, "Action": 480.8764204643444, "Crime": -225.57401107927626, "Thriller": 286.36590193261145, "Horror": 336.12159273229554, "Mystery": -4.2504465715283, "Sci-Fi": 383.6416995998734, "IMAX": 46.83655575569719, "Documentary": -393.82149661722815, "War": -188.6651943509205, "Musical": -24.143287902523298, "Western": -92.31529004352342, "Film-Noir": -114.64282484395699, "(no genres listed)": -24.694857975363107}, "7": {"Adventure": 535.0746113526402, "Animation": 506.82016044802003, "Children": 543.9547658234442, "Comedy": 555.4566308791482, "Fantasy": 395.73005190313415, "Romance": 66.04612740008542, "Drama": -335.76860402379043, "Action": 286.4861265575146, "Crime": -213.553697379004, "Thriller": -330.98564815032364, "Horror": 14.869577210418356, "Mystery": -63.37894457754737, "Sci-Fi": 251.15191087962103, "IMAX": 136.5826383883832, "Documentary": -29.583189454197054, "War": -27.16855720143576, "Musical": 178.04208165747696, "Western": -8.067118039136403, "Film-Noir": -6.1991308382712305, "(no genres listed)": 4.078087724589068}, "8": {"Adventure": -135.32167092624877, "Animation": -125.95898852493337, "Children": 178.63799426259357, "Comedy": 1104.2615414544193, "Fantasy": -29.80670614933888, "Romance": 751.6682678765992, "Drama": 809.4074216729684, "Action": -119.72712099511568, "Crime": 59.65835267450734, "Thriller": 148.74345782616, "Horror": 78.47370111587588, "Mystery": 10.82734327513208, "Sci-Fi": -186.96654101490822, "IMAX": -28.284261495049577, "Documentary": -20.84045505611357, "War": -55.12549448131176, "Musical": 92.93967241189966, "Western": -45.848352908189554, "Film-Noir": -5.8236107722332235, "(no genres listed)": 19.743323743300607}, "9": {"Adventure": -313.07304921665127, "Animation": 105.46978093858979, "Children": 128.96117980976123, "Comedy": 580.8194054362912, "Fantasy": -58.282426188101454, "Romance": 10.873506281078335, "Drama": -217.62452233162617, "Action": -697.0661967691467, "Crime": -97.67631741490004, "Thriller": -551.3498382261228, "Horror": -210.35846159395805, "Mystery": -95.19967912618267, "Sci-Fi": -429.65031194276526, "IMAX": -64.89867919983226, "Documentary": 75.85190566863093, "War": -119.91164527584624, "Musical": 68.04300004374181, "Western": -54.16363202337379, "Film-Noir": -31.897803541301982, "(no genres listed)": -4.033531040979142}}