{
  "0": {
    "Adventure": 248.9572264931668,
    "Animation": 206.52047317356676,
    "Children": 424.5837592983844,
    "Comedy": 601.1536539282597,
    "Fantasy": 107.15010962531062,
    "Romance": 130.94547286722263,
    "Drama": -827.8072592587669,
    "Action": -186.39648255575662,
    "Crime": -316.7384530520685,
    "Thriller": -802.0306815056479,
    "Horror": -577.5629091792302,
    "Mystery": -195.56881929330808,
    "Sci-Fi": -141.67622280463183,
    "IMAX": -53.05911524477415,
    "Documentary": -16.80997274298079,
    "War": -15.541837746038254,
    "Musical": 208.57252616178448,
    "Western": 43.467086706645205,
    "Film-Noir": 5.233396718322183,
    "(no genres listed)": 4.716158208255365
  },
  "1": {
    "Adventure": 248.9731168205435,
    "Animation": 11.46125615685014,
    "Children": 156.13363198429306,
    "Comedy": -256.73465910910363,
    "Fantasy": -65.73848033332797,
    "Romance": -121.73633199575124,
    "Drama": -1219.014614671048,
    "Action": 620.6622193561743,
    "Crime": 81.35400265580483,
    "Thriller": 257.47433903759884,
    "Horror": -502.5405477116292,
    "Mystery": -77.33711036236127,
    "Sci-Fi": -12.423323841035796,
    "IMAX": 104.19533113157377,
    "Documentary": -316.21484900664757,
    "War": -29.430471558309364,
    "Musical": -79.61106300554093,
    "Western": -25.81784153618355,
    "Film-Noir": -46.37515277752391,
    "(no genres listed)": -53.96431813860727
  },
  "2": {
    "Adventure": 184.42888609578768,
    "Animation": -13.962835006353998,
    "Children": 132.22663280696543,
    "Comedy": -20.69724316755878,
    "Fantasy": -10.152543320020413,
    "Romance": 254.36133418229747,
    "Drama": 168.86896683104504,
    "Action": 74.31929109910561,
    "Crime": -48.635298980800144,
    "Thriller": -214.73527672349792,
    "Horror": -475.1705733080662,
    "Mystery": -86.16714871725708,
    "Sci-Fi": -253.18584251418724,
    "IMAX": 69.6878642886877,
    "Documentary": -32.68065316957109,
    "War": 119.90057829801663,
    "Musical": 46.670397611560475,
    "Western": 32.97879476124581,
    "Film-Noir": -23.865195154503454,
    "(no genres listed)": 2.774319048162397
  },
  "3": {
    "Adventure": -125.81226693620192,
    "Animation": -117.25809336241946,
    "Children": -194.88240096183654,
    "Comedy": -494.62227776887687,
    "Fantasy": -89.84880425155575,
    "Romance": -89.42838034155398,
    "Drama": -627.8559892497805,
    "Action": -343.6821068064321,
    "Crime": -197.9370150346706,
    "Thriller": -299.56766122541853,
    "Horror": -242.34039868655532,
    "Mystery": -82.12894140168646,
    "Sci-Fi": -119.34205664384717,
    "IMAX": 80.84245407162234,
    "Documentary": 32.42307564005296,
    "War": -87.32862697107703,
    "Musical": -74.7036992769572,
    "Western": -71.79112706842716,
    "Film-Noir": -8.328837319975719,
    "(no genres listed)": -23.10978376854473
  },
  "4": {
    "Adventure": -244.8049265455229,
    "Animation": 134.866386962236,
    "Children": 133.872917036766,
    "Comedy": -733.3255640750863,
    "Fantasy": -31.404721823186264,
    "Romance": 495.9573102780987,
    "Drama": 1676.1814322445443,
    "Action": -1004.2768158704876,
    "Crime": -249.49640699431438,
    "Thriller": -504.1149021602628,
    "Horror": -542.0152810951477,
    "Mystery": 12.989974507083843,
    "Sci-Fi": -376.1003629358311,
    "IMAX": -38.72113052057102,
    "Documentary": 244.49302624893198,
    "War": 111.63821512603317,
    "Musical": 140.7653326508589,
    "Western": 9.653617001265957,
    "Film-Noir": 27.43809871799749,
    "(no genres listed)": 14.463153798850726
  },
  "5": {
    "Adventure": 205.90662792755757,
    "Animation": 200.19972588996825,
    "Children": 428.27553803274895,
    "Comedy": -40.86645001792931,
    "Fantasy": 31.372398237961534,
    "Romance": -280.7622795924981,
    "Drama": -894.3921197545537,
    "Action": 109.89339124200433,
    "Crime": -182.04232944281102,
    "Thriller": 29.167049323973515,
    "Horror": 446.4203842226161,
    "Mystery": -83.53998736750964,
    "Sci-Fi": 69.09707756362695,
    "IMAX": 30.05604931153357,
    "Documentary": -41.02312623332125,
    "War": -46.96732299271025,
    "Musical": 49.822585569214425,
    "Western": 20.72734140009561,
    "Film-Noir": -2.8129287164993,
    "(no genres listed)": -11.554201531903345
  },
  "6": {
    "Adventure": 312.53913794450546,
    "Animation": -57.76661113901355,
    "Children": 178.62736987712196,
    "Comedy": 495.39459033472576,
    "Fantasy": 219.08250420102013,
    "Romance": 188.41160634564858,
    "Drama": -1108.948088567373,
    "Action": 480.8764204643444,
    "Crime": -225.57401107927626,
    "Thriller": 286.36590193261145,
    "Horror": 336.12159273229554,
    "Mystery": -4.2504465715283,
    "Sci-Fi": 383.6416995998734,
    "IMAX": 46.83655575569719,
    "Documentary": -393.82149661722815,
    "War": -188.6651943509205,
    "Musical": -24.143287902523298,
    "Western": -92.31529004352342,
    "Film-Noir": -114.64282484395699,
    "(no genres listed)": -24.694857975363107
  },
  "7": {
    "Adventure": 535.0746113526402,
    "Animation": 506.82016044802003,
    "Children": 543.9547658234442,
    "Comedy": 555.4566308791482,
    "Fantasy": 395.73005190313415,
    "Romance": 66.04612740008542,
    "Drama": -335.76860402379043,
    "Action": 286.4861265575146,
    "Crime": -213.553697379004,
    "Thriller": -330.98564815032364,
    "Horror": 14.869577210418356,
    "Mystery": -63.37894457754737,
    "Sci-Fi": 251.15191087962103,
    "IMAX": 136.5826383883832,
    "Documentary": -29.583189454197054,
    "War": -27.16855720143576,
    "Musical": 178.04208165747696,
    "Western": -8.067118039136403,
    "Film-Noir": -6.1991308382712305,
    "(no genres listed)": 4.078087724589068
  },
  "8": {
    "Adventure": -135.32167092624877,
    "Animation": -125.95898852493337,
    "Children": 178.63799426259357,
    "Comedy": 1104.2615414544193,
    "Fantasy": -29.80670614933888,
    "Romance": 751.6682678765992,
    "Drama": 809.4074216729684,
    "Action": -119.72712099511568,
    "Crime": 59.65835267450734,
    "Thriller": 148.74345782616,
    "Horror": 78.47370111587588,
    "Mystery": 10.82734327513208,
    "Sci-Fi": -186.96654101490822,
    "IMAX": -28.284261495049577,
    "Documentary": -20.84045505611357,
    "War": -55.12549448131176,
    "Musical": 92.93967241189966,
    "Western": -45.848352908189554,
    "Film-Noir": -5.8236107722332235,
    "(no genres listed)": 19.743323743300607
  },
  "9": {
    "Adventure": -313.07304921665127,
    "Animation": 105.46978093858979,
    "Children": 128.96117980976123,
    "Comedy": 580.8194054362912,
    "Fantasy": -58.282426188101454,
    "Romance": 10.873506281078335,
    "Drama": -217.62452233162617,
    "Action": -697.0661967691467,
    "Crime": -97.67631741490004,
    "Thriller": -551.3498382261228,
    "Horror": -210.35846159395805,
    "Mystery": -95.19967912618267,
    "Sci-Fi": -429.65031194276526,
    "IMAX": -64.89867919983226,
    "Documentary": 75.85190566863093,
    "War": -119.91164527584624,
    "Musical": 68.04300004374181,
    "Western": -54.16363202337379,
    "Film-Noir": -31.897803541301982,
    "(no genres listed)": -4.033531040979142
  }
}
