{"Adventure": {"count": 3738, "features": {"0": 493.730271934287, "1": -489.20393974979015, "2": -455.74238394666963, "3": -90.43841318702584, "4": -226.20046085797003}}, "Animation": {"count": 2640, "features": {"0": -10.979388841301443, "1": -461.92885305936034, "2": -230.05550381533067, "3": 69.25568676145758, "4": 113.93267259845925}}, "Children": {"count": 2665, "features": {"0": 411.69841891547367, "1": -590.0215991666009, "2": -338.94205932084697, "3": -143.14075472619152, "4": 334.50153959272575}}, "Comedy": {"count": 14961, "features": {"0": 364.95471944718975, "1": -668.9553930499353, "2": -279.2802444109261, "3": -1328.8826830808594, "4": 286.0239471326845}}, "Fantasy": {"count": 2558, "features": {"0": 90.18456772084755, "1": -416.7255596644045, "2": -150.52136821877272, "3": -140.17276732856408, "4": -127.6179665537112}}, "Romance": {"count": 6888, "features": {"0": 265.40215263216487, "1": -453.6757311739175, "2": 684.6363982851908, "3": -293.3360442767362, "4": 466.15141974537846}}, "Drama": {"count": 22586, "features": {"0": -1408.2571621381012, "1": -304.9460392581269, "2": 2400.7601865030856, "3": -406.91758308456247, "4": 955.6682620536538}}, "Action": {"count": 6568, "features": {"0": 736.4415414791865, "1": -29.356991190798, "2": -627.5014110238299, "3": -551.6213617878047, "4": -876.9178485935167}}, "Crime": {"count": 4719, "features": {"0": -145.9263228220293, "1": 270.8710754310887, "2": 169.3547032664428, "3": -242.56956941897351, "4": -172.5318139418887}}, "Thriller": {"count": 7736, "features": {"0": 170.1534566258524, "1": 454.1234634173197, "2": 101.5587918151814, "3": -737.101166766095, "4": -672.5298210972978}}, "Horror": {"count": 5231, "features": {"0": -413.7409761572935, "1": 144.9128626605957, "2": -327.3141473827054, "3": -949.823732647681, "4": -473.4603339020797}}, "Mystery": {"count": 2574, "features": {"0": -129.4103903971336, "1": 47.99447617705664, "2": 142.70400717661323, "3": -138.7375477840542, "4": -101.17756276119326}}, "Sci-Fi": {"count": 3317, "features": {"0": 48.63360589019703, "1": -180.43672824144141, "2": -368.85280487324553, "3": -324.4672091822006, "4": -541.2722076153022}}, "IMAX": {"count": 197, "features": {"0": 128.99329943256453, "1": -85.70661456603557, "2": -28.16320421663113, "3": 52.9458980942145, "4": -133.82694582256954}}, "Documentary": {"count": 4919, "features": {"0": -479.5680693891072, "1": -31.72196073643508, "2": 217.02651296815202, "3": 112.14552506129439, "4": 236.79222333106736}}, "War": {"count": 1686, "features": {"0": -76.32081987584024, "1": 8.29513405270427, "2": 138.84000796541568, "3": 73.18443512564409, "4": 104.81385695649078}}, "Musical": {"count": 1075, "features": {"0": 9.567949701038742, "1": -265.79546348876556, "2": -17.738272087823134, "3": -24.37664247205248, "4": 212.4813952944678}}, "Western": {"count": 1092, "features": {"0": -44.79368922170033, "1": 1.253279012398707, "2": -16.075902650045464, "3": 9.290365530010604, "4": 74.56941354137962}}, "Film-Noir": {"count": 360, "features": {"0": -110.70490330457687, "1": -15.153374561559758, "2": 18.321748845060938, "3": 23.590468837879598, "4": 62.17362250230508}}, "(no genres listed)": {"count": 3732, "features": {"0": -44.5614747642021, "1": -18.501238339657903, "2": 31.05395757216138, "3": -22.616235564617455, "4": 26.34762360881723}}}