{"Adventure": {"count": 11214, "features": {"0": 855.6116376583833, "1": -219.1195879725674, "2": -635.121858836435, "3": -523.4471094293924, "4": -498.87461713740777, "5": 35.38819986008093, "6": 318.6797259135901, "7": 729.4835813431291, "8": -427.6243331057255, "9": -600.181470843841, "10": -179.0809023218244, "11": -103.67963005144702, "12": 200.63008515170804, "13": -44.39996702028657, "14": -55.981374116588995, "15": -36.86092242755649, "16": -353.7119791070945, "17": 359.90917358817387, "18": 141.40748008881383, "19": -36.33572556379204}}, "Animation": {"count": 7920, "features": {"0": 285.4444520902881, "1": -221.3260492259269, "2": -495.24655401177733, "3": -220.88441346826994, "4": 134.00591813458777, "5": -6.670507270668168, "6": 66.32500146383973, "7": 647.1393110858953, "8": -156.36823457877108, "9": -34.9918194484444, "10": -197.07743400338586, "11": -228.74270513033844, "12": -71.58900923504916, "13": -155.95461622215953, "14": -128.06677884499004, "15": -51.66866231117456, "16": -30.063418520465348, "17": -49.14974930036806, "18": 238.52197352451367, "19": -98.69874662681514}}, "Children": {"count": 7995, "features": {"0": 1102.8816780812394, "1": -270.8366340972416, "2": -671.3984482002656, "3": -515.0802258983085, "4": 397.1387077799445, "5": 343.1566071710604, "6": 417.3284208377845, "7": 635.16945790518, "8": 69.65640548258307, "9": -84.1675900662749, "10": -105.67269025281576, "11": -369.19214847339026, "12": -197.0755151644462, "13": -26.255226261862845, "14": -173.60944403549001, "15": -210.87516910241902, "16": -172.40774487593444, "17": 183.94004692131784, "18": 320.49888849765375, "19": 0.21158562638811418}}, "Comedy": {"count": 44883, "features": {"0": 1377.9306867074936, "1": -1088.7246423908748, "2": -731.5080255897481, "3": -1116.1755733564394, "4": -506.69514229127435, "5": 124.52262168120251, "6": 921.1368299341148, "7": 1063.2943514938452, "8": 682.5152457266089, "9": 1334.0363390625216, "10": 222.40262159250886, "11": -561.4753393732526, "12": -281.552833931981, "13": -121.28178795063286, "14": -587.1091093894624, "15": 95.44497569412192, "16": -212.98563855445525, "17": 722.1341499458267, "18": 587.1780784797029, "19": -8.68279944304686}}, "Fantasy": {"count": 7674, "features": {"0": 133.44920715473938, "1": -390.4191973144734, "2": -423.9163338107642, "3": -345.1669402832101, "4": -86.78899480475422, "5": -161.2861065090001, "6": 284.11437131348066, "7": 486.72347229412117, "8": -163.29069632754954, "9": -128.35419104839275, "10": -101.86779420954446, "11": 15.053784743885444, "12": -41.47854074078714, "13": -14.653820037477999, "14": -79.01046106458853, "15": 17.847775622067275, "16": -149.61525448720204, "17": 132.31703693360396, "18": 222.5647580932764, "19": -41.19165710438392}}, "Romance": {"count": 20664, "features": {"0": 231.78205609605516, "1": -805.7393321908503, "2": 421.5716029238374, "3": -32.018336720693014, "4": 1100.2372256782924, "5": 44.65030270680245, "6": 329.76276669454364, "7": -149.73509567854785, "8": 937.0409400492974, "9": 194.5059064164243, "10": 234.74876587150055, "11": -90.34748580168707, "12": -81.5811586018608, "13": -87.41188415780198, "14": 128.2681835693529, "15": -378.872760390489, "16": 80.86998642472099, "17": 60.38526818337141, "18": 363.6217428445789, "19": 93.22799861469406}}, "Drama": {"count": 67758, "features": {"0": -3182.2483537247745, "1": -1183.7995688838985, "2": 2637.9566362498413, "3": -331.0061057206244, "4": 2654.5292932800016, "5": -917.1801817511628, "6": -544.1670841718494, "7": -1001.2272321368107, "8": 1627.907918234856, "9": 388.96624516815814, "10": 386.71442970685047, "11": 178.27805897012172, "12": 62.38391497752946, "13": -400.96669702028726, "14": 1153.944083926362, "15": -598.4753091735779, "16": 1272.7641768296685, "17": -600.1231520529841, "18": 326.0740826356123, "19": 256.8641906158759}}, "Action": {"count": 19704, "features": {"0": 745.8312647133546, "1": 399.98581334375103, "2": -737.7062944344434, "3": -1233.418868756252, "4": -1875.8766053290124, "5": -203.3523694709429, "6": 264.6570858696109, "7": 701.3817581336334, "8": -569.3580380434794, "9": -706.4653463050558, "10": -89.15291301435946, "11": 142.43520254363466, "12": 624.7675301092459, "13": 20.663406054940424, "14": -153.6957350338762, "15": 55.19807017518224, "16": -639.5991351731536, "17": 637.7965782189399, "18": -394.75879360320414, "19": 407.5373817304385}}, "Crime": {"count": 14157, "features": {"0": -472.2571975495416, "1": 388.4775045411409, "2": 243.55351194716422, "3": -361.88175666696065, "4": -474.42775487117206, "5": -265.6004328895269, "6": -357.39131006935395, "7": -149.26144468387884, "8": 149.87092940234584, "9": 217.41647785464374, "10": 57.11013586559375, "11": -24.985032330192325, "12": 209.89107404666538, "13": -2.314422262748849, "14": 48.990833790905526, "15": 71.62373548464734, "16": 49.04588159900504, "17": -24.59135158716572, "18": -341.22848311689904, "19": 214.61163813899475}}, "Thriller": {"count": 23208, "features": {"0": -551.5043309781477, "1": 554.6665402843919, "2": -145.10119903975556, "3": -1156.2221401203726, "4": -940.8744334211117, "5": -342.313062598364, "6": 10.358201723098091, "7": -248.3861794887723, "8": 74.41778571101531, "9": -233.4894973111481, "10": 22.781877563522812, "11": 439.8027184356963, "12": 288.17978116776067, "13": 436.45812045465937, "14": 90.44471563084426, "15": 129.52453077387008, "16": 82.41311133326144, "17": 317.84279376016457, "18": -655.670980381682, "19": 577.6093017556086}}, "Horror": {"count": 15693, "features": {"0": -1095.5166965776316, "1": -88.99860729547663, "2": -777.2363534033589, "3": -1187.211693992129, "4": -705.644569632872, "5": -108.53970776824644, "6": 487.2829966400277, "7": 193.49413126675245, "8": -298.224109266469, "9": -56.08906986745819, "10": 116.15032335985597, "11": 460.0103431272255, "12": -2.5170809300434485, "13": 616.6691216899335, "14": -256.53653708805723, "15": 260.0902596825108, "16": 150.7757672843818, "17": 201.10804670323705, "18": -247.40723873272054, "19": 425.70314937740477}}, "Mystery": {"count": 7722, "features": {"0": -394.76825251585984, "1": 13.733291374752298, "2": 68.73316535428785, "3": -203.1015902040599, "4": -2.368133559866237, "5": -197.624092665611, "6": -91.42086456766265, "7": -115.83800808387969, "8": 69.38975285830566, "9": 36.734523391549374, "10": -35.64140172615225, "11": 104.82852171929335, "12": 37.908459971968114, "13": 115.63434481714285, "14": 63.18679833517672, "15": 54.30983374895732, "16": 104.52431174529102, "17": 6.762698087870376, "18": -60.22850334928353, "19": 86.96439692199732}}, "Sci-Fi": {"count": 9951, "features": {"0": -114.59617629327181, "1": -147.44714723562961, "2": -661.5089998350554, "3": -561.2258297429883, "4": -808.2299197544944, "5": -278.79701563078197, "6": 268.97159664838546, "7": 494.6037597290915, "8": -496.13447011583344, "9": -596.5880611414104, "10": -159.56199092089628, "11": 351.28294080458363, "12": 75.84570558001724, "13": 31.435654954718302, "14": 9.03051677129406, "15": 189.9069452497788, "16": -184.65599366368951, "17": 391.82263033685376, "18": 4.184242248431474, "19": 157.65520341755837}}, "IMAX": {"count": 591, "features": {"0": 71.14378968952224, "1": -62.133012658930966, "2": -31.599926913972013, "3": 63.791592112742364, "4": -134.6288242387527, "5": -33.36896954965778, "6": 5.646009739604779, "7": 171.48274266421504, "8": -119.48651544266613, "9": -160.27374067224446, "10": -74.84832991054282, "11": -44.405352600850165, "12": 27.598391391336918, "13": -33.80543577542994, "14": 15.78681407100521, "15": -15.154475248593371, "16": -36.0547531445045, "17": 17.585371298831888, "18": -30.32396034913836, "19": 2.2195564126595855}}, "Documentary": {"count": 14757, "features": {"0": -606.6769764321725, "1": -165.28255754243162, "2": 370.69296696033825, "3": 335.4428571835497, "4": 437.1677779512379, "5": -25.034315938469604, "6": -243.3048011790861, "7": -133.7095118487091, "8": 89.34157231487734,