{
  "Adventure": {
    "count": 3738,
    "features": {
      "0": 248.9572264931668,
      "1": 248.9731168205435,
      "2": 184.42888609578768,
      "3": -125.81226693620192,
      "4": -244.8049265455229,
      "5": 205.90662792755757,
      "6": 312.53913794450546,
      "7": 535.0746113526402,
      "8": -135.32167092624877,
      "9": -313.07304921665127
    }
  },
  "Animation": {
    "count": 2640,
    "features": {
      "0": 206.52047317356676,
      "1": 11.46125615685014,
      "2": -13.962835006353998,
      "3": -117.25809336241946,
      "4": 134.866386962236,
      "5": 200.19972588996825,
      "6": -57.76661113901355,
      "7": 506.82016044802003,
      "8": -125.95898852493337,
      "9": 105.46978093858979
    }
  },
  "Children": {
    "count": 2665,
    "features": {
      "0": 424.5837592983844,
      "1": 156.13363198429306,
      "2": 132.22663280696543,
      "3": -194.88240096183654,
      "4": 133.872917036766,
      "5": 428.27553803274895,
      "6": 178.62736987712196,
      "7": 543.9547658234442,
      "8": 178.63799426259357,
      "9": 128.96117980976123
    }
  },
  "Comedy": {
    "count": 14961,
    "features": {
      "0": 601.1536539282597,
      "1": -256.73465910910363,
      "2": -20.69724316755878,
      "3": -494.62227776887687,
      "4": -733.3255640750863,
      "5": -40.86645001792931,
      "6": 495.39459033472576,
      "7": 555.4566308791482,
      "8": 1104.2615414544193,
      "9": 580.8194054362912
    }
  },
  "Fantasy": {
    "count": 2558,
    "features": {
      "0": 107.15010962531062,
      "1": -65.73848033332797,
      "2": -10.152543320020413,
      "3": -89.84880425155575,
      "4": -31.404721823186264,
      "5": 31.372398237961534,
      "6": 219.08250420102013,
      "7": 395.73005190313415,
      "8": -29.80670614933888,
      "9": -58.282426188101454
    }
  },
  "Romance": {
    "count": 6888,
    "features": {
      "0": 130.94547286722263,
      "1": -121.73633199575124,
      "2": 254.36133418229747,
      "3": -89.42838034155398,
      "4": 495.9573102780987,
      "5": -280.7622795924981,
      "6": 188.41160634564858,
      "7": 66.04612740008542,
      "8": 751.6682678765992,
      "9": 10.873506281078335
    }
  },
  "Drama": {
    "count": 22586,
    "features": {
      "0": -827.8072592587669,
      "1": -1219.014614671048,
      "2": 168.86896683104504,
      "3": -627.8559892497805,
      "4": 1676.1814322445443,
      "5": -894.3921197545537,
      "6": -1108.948088567373,
      "7": -335.76860402379043,
      "8": 809.4074216729684,
      "9": -217.62452233162617
    }
  },
  "Action": {
    "count": 6568,
    "features": {
      "0": -186.39648255575662,
      "1": 620.6622193561743,
      "2": 74.31929109910561,
      "3": -343.6821068064321,
      "4": -1004.2768158704876,
      "5": 109.89339124200433,
      "6": 480.8764204643444,
      "7": 286.4861265575146,
      "8": -119.72712099511568,
      "9": -697.0661967691467
    }
  },
  "Crime": {
    "count": 4719,
    "features": {
      "0": -316.7384530520685,
      "1": 81.35400265580483,
      "2": -48.635298980800144,
      "3": -197.9370150346706,
      "4": -249.49640699431438,
      "5": -182.04232944281102,
      "6": -225.57401107927626,
      "7": -213.553697379004,
      "8": 59.65835267450734,
      "9": -97.67631741490004
    }
  },
  "Thriller": {
    "count": 7736,
    "features": {
      "0": -802.0306815056479,
      "1": 257.47433903759884,
      "2": -214.73527672349792,
      "3": -299.56766122541853,
      "4": -504.1149021602628,
      "5": 29.167049323973515,
      "6": 286.36590193261145,
      "7": -330.98564815032364,
      "8": 148.74345782616,
      "9": -551.3498382261228
    }
  },
  "Horror": {
    "count": 5231,
    "features": {
      "0": -577.5629091792302,
      "1": -502.5405477116292,
      "2": -475.1705733080662,
      "3": -242.34039868655532,
      "4": -542.0152810951477,
      "5": 446.4203842226161,
      "6": 336.12159273229554,
      "7": 14.869577210418356,
      "8": 78.47370111587588,
      "9": -210.35846159395805
    }
  },
  "Mystery": {
    "count": 2574,
    "features": {
      "0": -195.56881929330808,
      "1": -77.33711036236127,
      "2": -86.16714871725708,
      "3": -82.12894140168646,
      "4": 12.989974507083843,
      "5": -83.53998736750964,
      "6": -4.2504465715283,
      "7": -63.37894457754737,
      "8": 10.82734327513208,
      "9": -95.19967912618267
    }
  },
  "Sci-Fi": {
    "count": 3317,
    "features": {
      "0": -141.67622280463183,
      "1": -12.423323841035796,
      "2": -253.18584251418724,
      "3": -119.34205664384717,
      "4": -376.1003629358311,
      "5": 69.09707756362695,
      "6": 383.6416995998734,
      "7": 251.15191087962103,
      "8": -186.96654101490822,
      "9": -429.65031194276526
    }
  },
  "IMAX": {
    "count": 197,
    "features": {
      "0": -53.05911524477415,
      "1": 104.19533113157377,
      "2": 69.6878642886877,
      "3": 80.84245407162234,
      "4": -38.72113052057102,
      "5": 30.05604931153357,
      "6": 46.83655575569719,
      "7": 136.5826383883832,
      "8": -28.284261495049577,
      "9": -64.89867919983226
    }
  },
  "Documentary": {
    "count": 4919,
    "features": {
      "0": -16.80997274298079,
      "1": -316.21484900664757,
      "2": -32.68065316957109,
      "3": 32.42307564005296,
      "4": 244.49302624893198,
      "5": -41.02312623332125,
      "6": -393.82149661722815,
      "7": -29.583189454197054,
      "8": -20.84045505611357,
      "9": 75.85190566863093
    }
  },
  "War": {
    "count": 1686,
    "features": {
      "0": -15.541837746038254,
      "1": -29.430471558309364,
      "2": 119.90057829801663,
      "3": -87.32862697107703,
      "4": 111.63821512603317,
      "5": -46.96732299271025,
      "6": -188.6651943509205,
      "7": -27.16855720143576,
      "8": -55.12549448131176,
      "9": -119.91164527584624
    }
  },
  "Musical": {
    "count": 1075,
    "features": {
      "0": 208.57252616178448,
      "1": -79.61106300554093,
      "2": 46.670397611560475,
      "3": -74.7036992769572,
      "4": 140.7653326508589,
      "5": 49.822585569214425,
      "6": -24.143287902523298,
      "7": 178.04208165747696,
      "8": 92.93967241189966,
      "9": 68.04300004374181
    }
  },
  "Western": {
    "count": 1092,
    "features": {
      "0": 43.467086706645205,
      "1": -25.81784153618355,
      "2": 32.97879476124581,
      "3": -71.79112706842716,
      "4": 9.653617001265957,
      "5": 20.72734140009561,
      "6": -92.31529004352342,
      "7": -8.067118039136403,
      "8": -45.848352908189554,
      "9": -54.16363202337379
    }
  },
  "Film-Noir": {
    "count": 360,
    "features": {
      "0": 5.233396718322183,
      "1": -46.37515277752391,
      "2": -23.865195154503454,
      "3": -8.328837319975719,
      "4": 27.43809871799749,
      "5": -2.8129287164993,
      "6": -114.64282484395699,
      "7": -6.1991308382712305,
      "8": -5.8236107722332235,
      "9": -31.897803541301982
    }
  },
  "(no genres listed)": {
    "count": 3732,
    "features": {
      "0": 4.716158208255365,
      "1": -53.96431813860727,
      "2": 2.774319048162397,
      "3": -23.10978376854473,
      "4": 14.463153798850726,
      "5": -11.554201531903345,
      "6": -24.694857975363107,
      "7": 4.078087724589068,
      "8": 19.743323743300607,
      "9": -4.033531040979142
    }
  }
}
