{"Adventure": {"count": 7476, "features": {"0": 742.6874984274538, "1": -240.23082292924664, "2": -271.31349785088196, "3": -216.25068012322777, "4": -471.00538740349293, "5": 205.90662792755757, "6": 312.53913794450546, "7": 535.0746113526402, "8": -135.32167092624877, "9": -313.07304921665127}}, "Animation": {"count": 5280, "features": {"0": 195.5410843322653, "1": -450.4675969025102, "2": -244.01833882168467, "3": -48.002406600961876, "4": 248.79905956069524, "5": 200.19972588996825, "6": -57.76661113901355, "7": 506.82016044802003, "8": -125.95898852493337, "9": 105.46978093858979}}, "Children": {"count": 5330, "features": {"0": 836.2821782138581, "1": -433.8879671823079, "2": -206.71542651388154, "3": -338.02315568802806, "4": 468.37445662949176, "5": 428.27553803274895, "6": 178.62736987712196, "7": 543.9547658234442, "8": 178.63799426259357, "9": 128.96117980976123}}, "Comedy": {"count": 29922, "features": {"0": 966.1083733754494, "1": -925.6900521590389, "2": -299.9774875784849, "3": -1823.5049608497363, "4": -447.3016169424018, "5": -40.86645001792931, "6": 495.39459033472576, "7": 555.4566308791482, "8": 1104.2615414544193, "9": 580.8194054362912}}, "Fantasy": {"count": 5116, "features": {"0": 197.33467734615817, "1": -482.46403999773247, "2": -160.67391153879313, "3": -230.02157158011983, "4": -159.02268837689746, "5": 31.372398237961534, "6": 219.08250420102013, "7": 395.73005190313415, "8": -29.80670614933888, "9": -58.282426188101454}}, "Romance": {"count": 13776, "features": {"0": 396.3476254993875, "1": -575.4120631696687, "2": 938.9977324674883, "3": -382.76442461829015, "4": 962.1087300234772, "5": -280.7622795924981, "6": 188.41160634564858, "7": 66.04612740008542, "8": 751.6682678765992, "9": 10.873506281078335}}, "Drama": {"count": 45172, "features": {"0": -2236.064421396868, "1": -1523.960653929175, "2": 2569.6291533341305, "3": -1034.773572334343, "4": 2631.8496942981983, "5": -894.3921197545537, "6": -1108.948088567373, "7": -335.76860402379043, "8": 809.4074216729684, "9": -217.62452233162617}}, "Action": {"count": 13136, "features": {"0": 550.0450589234299, "1": 591.3052281653763, "2": -553.1821199247242, "3": -895.3034685942368, "4": -1881.1946644640043, "5": 109.89339124200433, "6": 480.8764204643444, "7": 286.4861265575146, "8": -119.72712099511568, "9": -697.0661967691467}}, "Crime": {"count": 9438, "features": {"0": -462.6647758740978, "1": 352.2250780868935, "2": 120.71940428564267, "3": -440.5065844536441, "4": -422.02822093620307, "5": -182.04232944281102, "6": -225.57401107927626, "7": -213.553697379004, "8": 59.65835267450734, "9": -97.67631741490004}}, "Thriller": {"count": 15472, "features": {"0": -631.8772248797954, "1": 711.5978024549186, "2": -113.17648490831652, "3": -1036.6688279915136, "4": -1176.6447232575606, "5": 29.167049323973515, "6": 286.36590193261145, "7": -330.98564815032364, "8": 148.74345782616, "9": -551.3498382261228}}, "Horror": {"count": 10462, "features": {"0": -991.3038853365238, "1": -357.6276850510335, "2": -802.4847206907716, "3": -1192.1641313342363, "4": -1015.4756149972274, "5": 446.4203842226161, "6": 336.12159273229554, "7": 14.869577210418356, "8": 78.47370111587588, "9": -210.35846159395805}}, "Mystery": {"count": 5148, "features": {"0": -324.9792096904417, "1": -29.342634185304632, "2": 56.536858459356154, "3": -220.86648918574065, "4": -88.18758825410941, "5": -83.53998736750964, "6": -4.2504465715283, "7": -63.37894457754737, "8": 10.82734327513208, "9": -95.19967912618267}}, "Sci-Fi": {"count": 6634, "features": {"0": -93.0426169144348, "1": -192.8600520824772, "2": -622.0386473874328, "3": -443.80926582604775, "4": -917.3725705511333, "5": 69.09707756362695, "6": 383.6416995998734, "7": 251.15191087962103, "8": -186.96654101490822, "9": -429.65031194276526}}, "IMAX": {"count": 394, "features": {"0": 75.93418418779038, "1": 18.488716565538198, "2": 41.52466007205658, "3": 133.78835216583684, "4": -172.54807634314056, "5": 30.05604931153357, "6": 46.83655575569719, "7": 136.5826383883832, "8": -28.284261495049577, "9": -64.89867919983226}}, "Documentary": {"count": 9838, "features": {"0": -496.378042132088, "1": -347.9368097430827, "2": 184.34585979858093, "3": 144.56860070134735, "4": 481.28524957999934, "5": -41.02312623332125, "6": -393.82149661722815, "7": -29.583189454197054, "8": -20.84045505611357, "9": 75.85190566863093}}, "War": {"count": 3372, "features": {"0": -91.8626576218785, "1": -21.135337505605094, "2": 258.7405862634323, "3": -14.144191845432943, "4": 216.45207208252396, "5": -46.96732299271025, "6": -188.6651943509205, "7": -27.16855720143576, "8": -55.12549448131176, "9": -119.91164527584624}}, "Musical": {"count": 2150, "features": {"0": 218.14047586282322, "1": -345.4065264943065, "2": 28.93212552373734, "3": -99.08034174900968, "4": 353.2467279453267, "5": 49.822585569214425, "6": -24.143287902523298, "7": 178.04208165747696, "8": 92.93967241189966, "9": 68.04300004374181}}, "Western": {"count": 2184, "features": {"0": -1.3266025150551286, "1": -24.564562523784844, "2": 16.902892111200345, "3": -62.500761538416555, "4": 84.22303054264557, "5": 20.72734140009561, "6": -92.31529004352342, "7": -8.067118039136403, "8": -45.848352908189554, "9": -54.16363202337379}}, "Film-Noir": {"count": 720, "features": {"0": -105.47150658625469, "1": -61.52852733908367, "2": -5.5434463094425155, "3": 15.26163151790388, "4": 89.61172122030257, "5": -2.8129287164993, "6": -114.64282484395699, "7": -6.1991308382712305, "8": -5.8236107722332235, "9": -31.897803541301982}}, "(no genres listed)": {"count": 7464, "features": {"0": -39.84531655594674, "1": -72.46555647826517, "2": 33.82827662032378, "3": -45.726019333162185, "4": 40.810777407667956, "5": -11.554201531903345, "6": -24.694857975363107, "7": 4.078087724589068, "8": 19.743323743300607, "9": -4.033531040979142}}}